,date,frequency,happiness,timeseries
37,2019-01-01,145361578.0,6.095,/api/v1/timeseries/3/
38,2019-01-02,156353260.0,6.007,/api/v1/timeseries/3/
39,2019-01-03,161389001.0,6.002,/api/v1/timeseries/3/
40,2019-01-04,163318124.0,5.983,/api/v1/timeseries/3/
41,2019-01-05,159511070.0,5.984,/api/v1/timeseries/3/
42,2019-01-06,162797842.0,5.991,/api/v1/timeseries/3/
459,2019-01-07,165908252.0,5.972,/api/v1/timeseries/3/
43,2019-01-08,165940429.0,5.947,/api/v1/timeseries/3/
44,2019-01-09,166364087.0,5.967,/api/v1/timeseries/3/
45,2019-01-10,167135653.0,5.964,/api/v1/timeseries/3/
46,2019-01-11,160907506.0,5.980,/api/v1/timeseries/3/
47,2019-01-12,157109794.0,5.973,/api/v1/timeseries/3/
48,2019-01-13,157738881.0,5.989,/api/v1/timeseries/3/
49,2019-01-14,158703846.0,5.977,/api/v1/timeseries/3/
50,2019-01-15,171002510.0,5.998,/api/v1/timeseries/3/
51,2019-01-16,166802299.0,5.955,/api/v1/timeseries/3/
52,2019-01-17,167547322.0,5.963,/api/v1/timeseries/3/
53,2019-01-18,158984524.0,5.966,/api/v1/timeseries/3/
54,2019-01-19,160700020.0,5.972,/api/v1/timeseries/3/
55,2019-01-20,169879487.0,5.970,/api/v1/timeseries/3/
56,2019-01-21,169251165.0,5.967,/api/v1/timeseries/3/
460,2019-01-22,171355691.0,5.947,/api/v1/timeseries/3/
57,2019-01-23,174722626.0,5.954,/api/v1/timeseries/3/
58,2019-01-24,168531339.0,5.956,/api/v1/timeseries/3/
59,2019-01-25,167767985.0,5.941,/api/v1/timeseries/3/
60,2019-01-26,147824011.0,5.959,/api/v1/timeseries/3/
61,2019-01-27,153405324.0,5.955,/api/v1/timeseries/3/
62,2019-01-28,160171712.0,5.975,/api/v1/timeseries/3/
63,2019-01-29,165939282.0,5.948,/api/v1/timeseries/3/
64,2019-01-30,179626063.0,5.960,/api/v1/timeseries/3/
65,2019-01-31,168699290.0,5.971,/api/v1/timeseries/3/
66,2019-02-01,160158374.0,5.994,/api/v1/timeseries/3/
67,2019-02-02,150349613.0,5.979,/api/v1/timeseries/3/
68,2019-02-03,162817601.0,5.977,/api/v1/timeseries/3/
69,2019-02-04,161347240.0,5.974,/api/v1/timeseries/3/
70,2019-02-05,169017311.0,5.967,/api/v1/timeseries/3/
461,2019-02-06,168324712.0,5.968,/api/v1/timeseries/3/
71,2019-02-07,165954409.0,5.975,/api/v1/timeseries/3/
72,2019-02-08,159717030.0,5.989,/api/v1/timeseries/3/
73,2019-02-09,150173486.0,5.991,/api/v1/timeseries/3/
74,2019-02-10,172694599.0,6.036,/api/v1/timeseries/3/
75,2019-02-11,169854440.0,6.020,/api/v1/timeseries/3/
76,2019-02-12,167026145.0,5.980,/api/v1/timeseries/3/
77,2019-02-13,165106213.0,5.985,/api/v1/timeseries/3/
78,2019-02-14,164331868.0,6.005,/api/v1/timeseries/3/
79,2019-02-15,157980680.0,5.933,/api/v1/timeseries/3/
80,2019-02-16,147954166.0,5.936,/api/v1/timeseries/3/
81,2019-02-17,155034170.0,5.959,/api/v1/timeseries/3/
82,2019-02-18,161158968.0,5.952,/api/v1/timeseries/3/
83,2019-02-19,167443621.0,5.962,/api/v1/timeseries/3/
84,2019-02-20,169751504.0,5.961,/api/v1/timeseries/3/
462,2019-02-21,168734068.0,5.946,/api/v1/timeseries/3/
85,2019-02-22,162831500.0,5.949,/api/v1/timeseries/3/
86,2019-02-23,153424031.0,5.945,/api/v1/timeseries/3/
87,2019-02-24,163227566.0,5.979,/api/v1/timeseries/3/
88,2019-02-25,167629608.0,5.976,/api/v1/timeseries/3/
89,2019-02-26,176632886.0,5.952,/api/v1/timeseries/3/
90,2019-02-27,188889740.0,5.900,/api/v1/timeseries/3/
91,2019-02-28,175487429.0,5.947,/api/v1/timeseries/3/
92,2019-03-01,172035739.0,5.960,/api/v1/timeseries/3/
93,2019-03-02,165647658.0,5.977,/api/v1/timeseries/3/
94,2019-03-03,161308904.0,5.973,/api/v1/timeseries/3/
95,2019-03-04,170352044.0,5.966,/api/v1/timeseries/3/
96,2019-03-05,168984888.0,5.951,/api/v1/timeseries/3/
97,2019-03-06,170660560.0,5.953,/api/v1/timeseries/3/
98,2019-03-07,168804170.0,5.969,/api/v1/timeseries/3/
463,2019-03-08,164697862.0,6.037,/api/v1/timeseries/3/
99,2019-03-09,149739499.0,5.980,/api/v1/timeseries/3/
100,2019-03-10,156155845.0,5.966,/api/v1/timeseries/3/
101,2019-03-11,168456476.0,5.958,/api/v1/timeseries/3/
102,2019-03-12,178488943.0,5.951,/api/v1/timeseries/3/
103,2019-03-13,189405333.0,5.915,/api/v1/timeseries/3/
104,2019-03-14,180372489.0,5.930,/api/v1/timeseries/3/
105,2019-03-15,185006579.0,5.835,/api/v1/timeseries/3/
106,2019-03-16,172790185.0,5.923,/api/v1/timeseries/3/
107,2019-03-17,172229406.0,5.945,/api/v1/timeseries/3/
108,2019-03-18,165470631.0,5.940,/api/v1/timeseries/3/
109,2019-03-19,173002637.0,5.964,/api/v1/timeseries/3/
110,2019-03-20,177844153.0,5.958,/api/v1/timeseries/3/
111,2019-03-21,178430464.0,5.958,/api/v1/timeseries/3/
112,2019-03-22,176387734.0,5.953,/api/v1/timeseries/3/
464,2019-03-23,162841447.0,5.945,/api/v1/timeseries/3/
113,2019-03-24,172619383.0,5.935,/api/v1/timeseries/3/
114,2019-03-25,180640387.0,5.942,/api/v1/timeseries/3/
115,2019-03-26,185663892.0,5.936,/api/v1/timeseries/3/
116,2019-03-27,182174919.0,5.971,/api/v1/timeseries/3/
117,2019-03-28,171781311.0,5.975,/api/v1/timeseries/3/
118,2019-03-29,162555426.0,5.985,/api/v1/timeseries/3/
119,2019-03-30,149020055.0,5.982,/api/v1/timeseries/3/
120,2019-03-31,160401479.0,5.969,/api/v1/timeseries/3/
121,2019-04-01,169507373.0,5.952,/api/v1/timeseries/3/
122,2019-04-02,175476122.0,5.944,/api/v1/timeseries/3/
123,2019-04-03,172043893.0,5.959,/api/v1/timeseries/3/
124,2019-04-04,177310694.0,5.984,/api/v1/timeseries/3/
465,2019-04-05,166502024.0,5.990,/api/v1/timeseries/3/
125,2019-04-06,152736375.0,5.976,/api/v1/timeseries/3/
126,2019-04-07,164802943.0,6.002,/api/v1/timeseries/3/
466,2019-04-08,171532028.0,5.988,/api/v1/timeseries/3/
127,2019-04-09,174374653.0,5.967,/api/v1/timeseries/3/
128,2019-04-10,176291642.0,5.969,/api/v1/timeseries/3/
129,2019-04-11,178494476.0,5.964,/api/v1/timeseries/3/
130,2019-04-12,184757845.0,5.997,/api/v1/timeseries/3/
131,2019-04-13,167311548.0,5.960,/api/v1/timeseries/3/
132,2019-04-14,165614580.0,5.995,/api/v1/timeseries/3/
133,2019-04-15,171715483.0,5.938,/api/v1/timeseries/3/
134,2019-04-16,173346120.0,5.960,/api/v1/timeseries/3/
135,2019-04-17,174509963.0,5.981,/api/v1/timeseries/3/
136,2019-04-18,183222858.0,5.959,/api/v1/timeseries/3/
137,2019-04-19,164932428.0,5.975,/api/v1/timeseries/3/
138,2019-04-20,152087765.0,5.980,/api/v1/timeseries/3/
139,2019-04-21,158898100.0,5.964,/api/v1/timeseries/3/
140,2019-04-22,183463396.0,5.983,/api/v1/timeseries/3/
467,2019-04-23,190871495.0,5.975,/api/v1/timeseries/3/
141,2019-04-24,190034676.0,5.992,/api/v1/timeseries/3/
142,2019-04-25,182821224.0,5.988,/api/v1/timeseries/3/
143,2019-04-26,170065137.0,5.997,/api/v1/timeseries/3/
144,2019-04-27,158564999.0,6.000,/api/v1/timeseries/3/
145,2019-04-28,165775011.0,5.978,/api/v1/timeseries/3/
146,2019-04-29,169373099.0,5.961,/api/v1/timeseries/3/
147,2019-04-30,176522537.0,5.973,/api/v1/timeseries/3/
148,2019-05-01,194987278.0,6.005,/api/v1/timeseries/3/
149,2019-05-02,165603947.0,5.984,/api/v1/timeseries/3/
150,2019-05-03,165012622.0,5.996,/api/v1/timeseries/3/
151,2019-05-04,154878730.0,5.979,/api/v1/timeseries/3/
152,2019-05-05,165363354.0,5.971,/api/v1/timeseries/3/
153,2019-05-06,175346160.0,5.969,/api/v1/timeseries/3/
154,2019-05-07,180497163.0,5.973,/api/v1/timeseries/3/
468,2019-05-08,185656972.0,5.963,/api/v1/timeseries/3/
155,2019-05-09,178506184.0,5.951,/api/v1/timeseries/3/
156,2019-05-10,168026047.0,5.972,/api/v1/timeseries/3/
157,2019-05-11,152659047.0,5.973,/api/v1/timeseries/3/
158,2019-05-12,163414718.0,6.044,/api/v1/timeseries/3/
159,2019-05-13,173623143.0,5.970,/api/v1/timeseries/3/
160,2019-05-14,173795341.0,5.943,/api/v1/timeseries/3/
161,2019-05-15,178845459.0,5.906,/api/v1/timeseries/3/
162,2019-05-16,183895369.0,5.909,/api/v1/timeseries/3/
163,2019-05-17,173413445.0,5.933,/api/v1/timeseries/3/
164,2019-05-18,155933217.0,5.976,/api/v1/timeseries/3/
165,2019-05-19,161358776.0,5.963,/api/v1/timeseries/3/
166,2019-05-20,172701521.0,5.962,/api/v1/timeseries/3/
167,2019-05-21,175158662.0,5.973,/api/v1/timeseries/3/
168,2019-05-22,173708968.0,5.971,/api/v1/timeseries/3/
469,2019-05-23,176008991.0,5.976,/api/v1/timeseries/3/
169,2019-05-24,164488382.0,5.982,/api/v1/timeseries/3/
170,2019-05-25,150282311.0,5.984,/api/v1/timeseries/3/
171,2019-05-26,156245177.0,5.989,/api/v1/timeseries/3/
172,2019-05-27,154712158.0,5.992,/api/v1/timeseries/3/
173,2019-05-28,160515949.0,5.979,/api/v1/timeseries/3/
174,2019-05-29,170545165.0,5.958,/api/v1/timeseries/3/
175,2019-05-30,171221324.0,5.978,/api/v1/timeseries/3/
176,2019-05-31,161887377.0,5.995,/api/v1/timeseries/3/
177,2019-06-01,156327152.0,6.015,/api/v1/timeseries/3/
178,2019-06-02,160505321.0,5.994,/api/v1/timeseries/3/
179,2019-06-03,166661159.0,5.994,/api/v1/timeseries/3/
180,2019-06-04,166056257.0,6.008,/api/v1/timeseries/3/
181,2019-06-05,150076985.0,5.987,/api/v1/timeseries/3/
182,2019-06-06,159766167.0,5.969,/api/v1/timeseries/3/
470,2019-06-07,164619590.0,5.985,/api/v1/timeseries/3/
183,2019-06-08,149144026.0,5.994,/api/v1/timeseries/3/
184,2019-06-09,156799798.0,5.979,/api/v1/timeseries/3/
185,2019-06-10,166237930.0,5.972,/api/v1/timeseries/3/
186,2019-06-11,168538802.0,5.963,/api/v1/timeseries/3/
187,2019-06-12,186401120.0,5.960,/api/v1/timeseries/3/
188,2019-06-13,179121579.0,5.964,/api/v1/timeseries/3/
189,2019-06-14,166640550.0,5.997,/api/v1/timeseries/3/
190,2019-06-15,151642915.0,5.988,/api/v1/timeseries/3/
191,2019-06-16,152167066.0,6.018,/api/v1/timeseries/3/
192,2019-06-17,158150263.0,5.979,/api/v1/timeseries/3/
193,2019-06-18,165739620.0,5.958,/api/v1/timeseries/3/
194,2019-06-19,171805633.0,5.960,/api/v1/timeseries/3/
195,2019-06-20,170209530.0,5.969,/api/v1/timeseries/3/
196,2019-06-21,170348228.0,5.990,/api/v1/timeseries/3/
471,2019-06-22,153501102.0,5.984,/api/v1/timeseries/3/
197,2019-06-23,156359506.0,5.970,/api/v1/timeseries/3/
198,2019-06-24,165161620.0,5.977,/api/v1/timeseries/3/
199,2019-06-25,174679472.0,5.957,/api/v1/timeseries/3/
200,2019-06-26,169362169.0,5.950,/api/v1/timeseries/3/
201,2019-06-27,168839006.0,5.966,/api/v1/timeseries/3/
202,2019-06-28,161607080.0,5.998,/api/v1/timeseries/3/
203,2019-06-29,150433891.0,5.976,/api/v1/timeseries/3/
204,2019-06-30,165399788.0,5.954,/api/v1/timeseries/3/
205,2019-07-01,173427145.0,5.961,/api/v1/timeseries/3/
206,2019-07-02,171653116.0,5.963,/api/v1/timeseries/3/
207,2019-07-03,177034934.0,5.961,/api/v1/timeseries/3/
208,2019-07-04,166090032.0,6.014,/api/v1/timeseries/3/
209,2019-07-05,158949348.0,5.989,/api/v1/timeseries/3/
210,2019-07-06,160555883.0,5.971,/api/v1/timeseries/3/
472,2019-07-07,168416425.0,5.994,/api/v1/timeseries/3/
211,2019-07-08,168667303.0,5.980,/api/v1/timeseries/3/
212,2019-07-09,173866599.0,5.977,/api/v1/timeseries/3/
213,2019-07-10,173447630.0,5.977,/api/v1/timeseries/3/
214,2019-07-11,148567413.0,5.979,/api/v1/timeseries/3/
215,2019-07-12,132411705.0,5.988,/api/v1/timeseries/3/
216,2019-07-13,156614357.0,5.973,/api/v1/timeseries/3/
217,2019-07-14,168644408.0,5.959,/api/v1/timeseries/3/
218,2019-07-15,177826277.0,5.926,/api/v1/timeseries/3/
219,2019-07-16,180462653.0,5.924,/api/v1/timeseries/3/
220,2019-07-17,178307968.0,5.937,/api/v1/timeseries/3/
221,2019-07-18,179414559.0,5.944,/api/v1/timeseries/3/
222,2019-07-19,172992450.0,5.974,/api/v1/timeseries/3/
223,2019-07-20,159654625.0,5.977,/api/v1/timeseries/3/
224,2019-07-21,162470307.0,5.976,/api/v1/timeseries/3/
473,2019-07-22,172377153.0,5.967,/api/v1/timeseries/3/
225,2019-07-23,178048388.0,5.972,/api/v1/timeseries/3/
226,2019-07-24,181256224.0,5.953,/api/v1/timeseries/3/
227,2019-07-25,175470961.0,5.949,/api/v1/timeseries/3/
228,2019-07-26,168851456.0,5.969,/api/v1/timeseries/3/
229,2019-07-27,159527231.0,5.943,/api/v1/timeseries/3/
230,2019-07-28,165994422.0,5.935,/api/v1/timeseries/3/
231,2019-07-29,178275397.0,5.924,/api/v1/timeseries/3/
232,2019-07-30,181534815.0,5.947,/api/v1/timeseries/3/
233,2019-07-31,174871449.0,5.946,/api/v1/timeseries/3/
234,2019-08-01,170821458.0,5.980,/api/v1/timeseries/3/
235,2019-08-02,162774205.0,5.963,/api/v1/timeseries/3/
236,2019-08-03,159911122.0,5.901,/api/v1/timeseries/3/
237,2019-08-04,187986689.0,5.760,/api/v1/timeseries/3/
238,2019-08-05,190351135.0,5.834,/api/v1/timeseries/3/
474,2019-08-06,184978190.0,5.900,/api/v1/timeseries/3/
239,2019-08-07,187193922.0,5.910,/api/v1/timeseries/3/
240,2019-08-08,185374072.0,5.936,/api/v1/timeseries/3/
241,2019-08-09,172275067.0,5.963,/api/v1/timeseries/3/
242,2019-08-10,163513888.0,5.894,/api/v1/timeseries/3/
243,2019-08-11,164279510.0,5.931,/api/v1/timeseries/3/
244,2019-08-12,171727889.0,5.962,/api/v1/timeseries/3/
245,2019-08-13,172304272.0,5.958,/api/v1/timeseries/3/
246,2019-08-14,170516838.0,5.950,/api/v1/timeseries/3/
247,2019-08-15,171468900.0,5.948,/api/v1/timeseries/3/
248,2019-08-16,163487528.0,5.975,/api/v1/timeseries/3/
249,2019-08-17,152028765.0,5.959,/api/v1/timeseries/3/
250,2019-08-18,159031532.0,5.940,/api/v1/timeseries/3/
251,2019-08-19,161433680.0,5.964,/api/v1/timeseries/3/
252,2019-08-20,166347114.0,5.956,/api/v1/timeseries/3/
253,2019-08-21,175522344.0,5.933,/api/v1/timeseries/3/
254,2019-08-22,168065673.0,5.967,/api/v1/timeseries/3/
255,2019-08-23,164495635.0,5.987,/api/v1/timeseries/3/
256,2019-08-24,152823490.0,5.981,/api/v1/timeseries/3/
257,2019-08-25,155075655.0,5.987,/api/v1/timeseries/3/
258,2019-08-26,160702449.0,5.995,/api/v1/timeseries/3/
259,2019-08-27,164897851.0,5.980,/api/v1/timeseries/3/
260,2019-08-28,172503698.0,5.962,/api/v1/timeseries/3/
261,2019-08-29,168793370.0,5.961,/api/v1/timeseries/3/
262,2019-08-30,160062132.0,5.972,/api/v1/timeseries/3/
263,2019-08-31,159232966.0,5.997,/api/v1/timeseries/3/
264,2019-09-01,166884374.0,5.985,/api/v1/timeseries/3/
265,2019-09-02,168661178.0,5.962,/api/v1/timeseries/3/
266,2019-09-03,170547424.0,5.925,/api/v1/timeseries/3/
267,2019-09-04,178456769.0,5.922,/api/v1/timeseries/3/
268,2019-09-05,174736847.0,5.958,/api/v1/timeseries/3/
269,2019-09-06,168869797.0,5.972,/api/v1/timeseries/3/
270,2019-09-07,162697563.0,5.973,/api/v1/timeseries/3/
271,2019-09-08,160860360.0,5.970,/api/v1/timeseries/3/
272,2019-09-09,168685100.0,5.961,/api/v1/timeseries/3/
273,2019-09-10,164344008.0,5.968,/api/v1/timeseries/3/
274,2019-09-11,172499277.0,5.955,/api/v1/timeseries/3/
275,2019-09-12,168152657.0,5.954,/api/v1/timeseries/3/
276,2019-09-13,161072807.0,5.962,/api/v1/timeseries/3/
277,2019-09-14,155883354.0,5.974,/api/v1/timeseries/3/
278,2019-09-15,164235504.0,5.948,/api/v1/timeseries/3/
279,2019-09-16,172197449.0,5.960,/api/v1/timeseries/3/
280,2019-09-17,171384314.0,5.971,/api/v1/timeseries/3/
281,2019-09-18,170657788.0,5.957,/api/v1/timeseries/3/
282,2019-09-19,168730279.0,5.951,/api/v1/timeseries/3/
283,2019-09-20,165732822.0,5.974,/api/v1/timeseries/3/
284,2019-09-21,155955376.0,5.992,/api/v1/timeseries/3/
285,2019-09-22,166442901.0,5.981,/api/v1/timeseries/3/
286,2019-09-23,177747459.0,5.988,/api/v1/timeseries/3/
287,2019-09-24,190359051.0,5.945,/api/v1/timeseries/3/
288,2019-09-25,189419573.0,5.931,/api/v1/timeseries/3/
289,2019-09-26,187255808.0,5.930,/api/v1/timeseries/3/
290,2019-09-27,184362284.0,5.981,/api/v1/timeseries/3/
291,2019-09-28,164943574.0,5.975,/api/v1/timeseries/3/
292,2019-09-29,170005371.0,5.958,/api/v1/timeseries/3/
293,2019-09-30,180322253.0,5.938,/api/v1/timeseries/3/
294,2019-10-01,167096188.0,5.954,/api/v1/timeseries/3/
295,2019-10-02,162763985.0,5.931,/api/v1/timeseries/3/
296,2019-10-03,166766031.0,5.953,/api/v1/timeseries/3/
297,2019-10-04,164643636.0,5.971,/api/v1/timeseries/3/
298,2019-10-05,149585904.0,5.964,/api/v1/timeseries/3/
299,2019-10-06,160493337.0,5.950,/api/v1/timeseries/3/
300,2019-10-07,173771210.0,5.936,/api/v1/timeseries/3/
301,2019-10-08,172626685.0,5.940,/api/v1/timeseries/3/
302,2019-10-09,175531792.0,5.934,/api/v1/timeseries/3/
303,2019-10-10,174542916.0,5.941,/api/v1/timeseries/3/
304,2019-10-11,167770787.0,5.972,/api/v1/timeseries/3/
305,2019-10-12,154272928.0,6.002,/api/v1/timeseries/3/
306,2019-10-13,161796208.0,5.948,/api/v1/timeseries/3/
307,2019-10-14,178007929.0,5.912,/api/v1/timeseries/3/
308,2019-10-15,171480817.0,5.937,/api/v1/timeseries/3/
309,2019-10-16,173001320.0,5.946,/api/v1/timeseries/3/
310,2019-10-17,175556084.0,5.959,/api/v1/timeseries/3/
311,2019-10-18,168554947.0,5.961,/api/v1/timeseries/3/
312,2019-10-19,156142253.0,5.958,/api/v1/timeseries/3/
313,2019-10-20,160117919.0,5.967,/api/v1/timeseries/3/
314,2019-10-21,166543333.0,5.958,/api/v1/timeseries/3/
315,2019-10-22,182417361.0,5.960,/api/v1/timeseries/3/
316,2019-10-23,187193213.0,5.953,/api/v1/timeseries/3/
317,2019-10-24,185366005.0,5.986,/api/v1/timeseries/3/
318,2019-10-25,174513073.0,5.989,/api/v1/timeseries/3/
319,2019-10-26,163004265.0,5.993,/api/v1/timeseries/3/
320,2019-10-27,170608363.0,5.957,/api/v1/timeseries/3/
321,2019-10-28,180278222.0,5.953,/api/v1/timeseries/3/
322,2019-10-29,195284529.0,5.952,/api/v1/timeseries/3/
323,2019-10-30,190721186.0,5.971,/api/v1/timeseries/3/
324,2019-10-31,190820480.0,5.979,/api/v1/timeseries/3/
325,2019-11-01,182099315.0,5.993,/api/v1/timeseries/3/
326,2019-11-02,172893756.0,5.996,/api/v1/timeseries/3/
327,2019-11-03,181985137.0,5.961,/api/v1/timeseries/3/
328,2019-11-04,188607451.0,5.961,/api/v1/timeseries/3/
329,2019-11-05,193999531.0,5.951,/api/v1/timeseries/3/
330,2019-11-06,188583476.0,5.962,/api/v1/timeseries/3/
331,2019-11-07,190561818.0,5.958,/api/v1/timeseries/3/
332,2019-11-08,180502503.0,5.983,/api/v1/timeseries/3/
333,2019-11-09,173660476.0,5.979,/api/v1/timeseries/3/
334,2019-11-10,181754720.0,5.966,/api/v1/timeseries/3/
335,2019-11-11,193693779.0,5.972,/api/v1/timeseries/3/
336,2019-11-12,194872417.0,5.962,/api/v1/timeseries/3/
337,2019-11-13,204060912.0,5.942,/api/v1/timeseries/3/
338,2019-11-14,198692559.0,5.958,/api/v1/timeseries/3/
339,2019-11-15,197277738.0,5.940,/api/v1/timeseries/3/
340,2019-11-16,174317891.0,5.963,/api/v1/timeseries/3/
341,2019-11-17,184833286.0,5.944,/api/v1/timeseries/3/
342,2019-11-18,187033910.0,5.937,/api/v1/timeseries/3/
343,2019-11-19,196701630.0,5.947,/api/v1/timeseries/3/
344,2019-11-20,201444143.0,5.972,/api/v1/timeseries/3/
345,2019-11-21,193007667.0,5.963,/api/v1/timeseries/3/
346,2019-11-22,181113177.0,5.966,/api/v1/timeseries/3/
347,2019-11-23,167259804.0,5.971,/api/v1/timeseries/3/
348,2019-11-24,177609881.0,5.967,/api/v1/timeseries/3/
349,2019-11-25,179206176.0,5.987,/api/v1/timeseries/3/
350,2019-11-26,185381839.0,6.003,/api/v1/timeseries/3/
351,2019-11-27,180874765.0,5.983,/api/v1/timeseries/3/
352,2019-11-28,167381078.0,6.066,/api/v1/timeseries/3/
353,2019-11-29,159579920.0,6.013,/api/v1/timeseries/3/
354,2019-11-30,176684507.0,6.016,/api/v1/timeseries/3/
355,2019-12-01,175616706.0,5.983,/api/v1/timeseries/3/
356,2019-12-02,180878477.0,5.985,/api/v1/timeseries/3/
357,2019-12-03,190464679.0,5.996,/api/v1/timeseries/3/
358,2019-12-04,215871327.0,6.016,/api/v1/timeseries/3/
359,2019-12-05,199367542.0,5.957,/api/v1/timeseries/3/
360,2019-12-06,193345470.0,5.951,/api/v1/timeseries/3/
361,2019-12-07,171367696.0,5.976,/api/v1/timeseries/3/
362,2019-12-08,179300436.0,5.959,/api/v1/timeseries/3/
363,2019-12-09,199906341.0,5.927,/api/v1/timeseries/3/
364,2019-12-10,198119182.0,5.946,/api/v1/timeseries/3/
365,2019-12-11,196401768.0,5.954,/api/v1/timeseries/3/
366,2019-12-12,206460153.0,5.959,/api/v1/timeseries/3/
367,2019-12-13,185376841.0,5.971,/api/v1/timeseries/3/
368,2019-12-14,169999342.0,5.985,/api/v1/timeseries/3/
369,2019-12-15,177480780.0,5.957,/api/v1/timeseries/3/
370,2019-12-16,184873836.0,5.947,/api/v1/timeseries/3/
371,2019-12-17,182665191.0,5.960,/api/v1/timeseries/3/
372,2019-12-18,196221499.0,5.927,/api/v1/timeseries/3/
373,2019-12-19,194579727.0,5.928,/api/v1/timeseries/3/
374,2019-12-20,177998739.0,5.983,/api/v1/timeseries/3/
375,2019-12-21,165684576.0,5.979,/api/v1/timeseries/3/
376,2019-12-22,170014005.0,5.964,/api/v1/timeseries/3/
475,2019-12-23,171708170.0,5.994,/api/v1/timeseries/3/
377,2019-12-24,161818640.0,6.104,/api/v1/timeseries/3/
378,2019-12-25,149060931.0,6.184,/api/v1/timeseries/3/
379,2019-12-26,154783982.0,6.044,/api/v1/timeseries/3/
380,2019-12-27,166616554.0,5.998,/api/v1/timeseries/3/
381,2019-12-28,171117593.0,5.969,/api/v1/timeseries/3/
476,2019-12-29,179219710.0,5.971,/api/v1/timeseries/3/
382,2019-12-30,180880050.0,5.969,/api/v1/timeseries/3/
383,2019-12-31,192112966.0,6.060,/api/v1/timeseries/3/
384,2020-01-01,169547242.0,6.070,/api/v1/timeseries/3/
385,2020-01-02,186656314.0,5.942,/api/v1/timeseries/3/
386,2020-01-03,217207716.0,5.783,/api/v1/timeseries/3/
387,2020-01-04,207544812.0,5.890,/api/v1/timeseries/3/
388,2020-01-05,215687476.0,5.890,/api/v1/timeseries/3/
389,2020-01-06,203924291.0,5.911,/api/v1/timeseries/3/
390,2020-01-07,212068062.0,5.882,/api/v1/timeseries/3/
391,2020-01-08,203241678.0,5.892,/api/v1/timeseries/3/
392,2020-01-09,202756847.0,5.928,/api/v1/timeseries/3/
393,2020-01-10,188505171.0,5.940,/api/v1/timeseries/3/
394,2020-01-11,188168727.0,5.945,/api/v1/timeseries/3/
395,2020-01-12,184398010.0,5.943,/api/v1/timeseries/3/
477,2020-01-13,200645123.0,5.976,/api/v1/timeseries/3/
396,2020-01-14,195036582.0,5.960,/api/v1/timeseries/3/
397,2020-01-15,195681607.0,5.964,/api/v1/timeseries/3/
398,2020-01-16,193374057.0,5.962,/api/v1/timeseries/3/
399,2020-01-17,188241713.0,5.981,/api/v1/timeseries/3/
400,2020-01-18,180696730.0,5.977,/api/v1/timeseries/3/
401,2020-01-19,180454771.0,5.975,/api/v1/timeseries/3/
402,2020-01-20,186161478.0,5.947,/api/v1/timeseries/3/
403,2020-01-21,199463225.0,5.915,/api/v1/timeseries/3/
404,2020-01-22,194992580.0,5.921,/api/v1/timeseries/3/
405,2020-01-23,192781503.0,5.928,/api/v1/timeseries/3/
406,2020-01-24,190088607.0,5.935,/api/v1/timeseries/3/
407,2020-01-25,181966656.0,5.925,/api/v1/timeseries/3/
408,2020-01-26,237234929.0,5.895,/api/v1/timeseries/3/
409,2020-01-27,216357496.0,5.935,/api/v1/timeseries/3/
478,2020-01-28,203072232.0,5.932,/api/v1/timeseries/3/
410,2020-01-29,207341509.0,5.930,/api/v1/timeseries/3/
411,2020-01-30,203923302.0,5.911,/api/v1/timeseries/3/
412,2020-01-31,200935339.0,5.908,/api/v1/timeseries/3/
413,2020-02-01,190632849.0,5.953,/api/v1/timeseries/3/
414,2020-02-02,194560286.0,5.982,/api/v1/timeseries/3/
415,2020-02-03,187272477.0,5.969,/api/v1/timeseries/3/
416,2020-02-04,203947078.0,5.953,/api/v1/timeseries/3/
417,2020-02-05,213867471.0,5.931,/api/v1/timeseries/3/
418,2020-02-06,194149837.0,5.939,/api/v1/timeseries/3/
419,2020-02-07,183670639.0,5.945,/api/v1/timeseries/3/
420,2020-02-08,171924438.0,5.950,/api/v1/timeseries/3/
421,2020-02-09,183013449.0,5.963,/api/v1/timeseries/3/
422,2020-02-10,190767076.0,5.995,/api/v1/timeseries/3/
423,2020-02-11,194826768.0,5.961,/api/v1/timeseries/3/
424,2020-02-12,191189264.0,5.962,/api/v1/timeseries/3/
425,2020-02-13,190877621.0,5.975,/api/v1/timeseries/3/
426,2020-02-14,178848341.0,6.040,/api/v1/timeseries/3/
427,2020-02-15,168441262.0,5.989,/api/v1/timeseries/3/
428,2020-02-16,177212667.0,5.989,/api/v1/timeseries/3/
429,2020-02-17,183497797.0,5.997,/api/v1/timeseries/3/
430,2020-02-18,189925611.0,5.960,/api/v1/timeseries/3/
431,2020-02-19,195549380.0,5.929,/api/v1/timeseries/3/
432,2020-02-20,195513277.0,5.951,/api/v1/timeseries/3/
433,2020-02-21,189951225.0,5.989,/api/v1/timeseries/3/
434,2020-02-22,171542464.0,5.986,/api/v1/timeseries/3/
435,2020-02-23,174212699.0,5.966,/api/v1/timeseries/3/
436,2020-02-24,191458239.0,5.956,/api/v1/timeseries/3/
437,2020-02-25,198302191.0,5.920,/api/v1/timeseries/3/
438,2020-02-26,194196133.0,5.909,/api/v1/timeseries/3/
439,2020-02-27,195799646.0,5.894,/api/v1/timeseries/3/
440,2020-02-28,188771134.0,5.891,/api/v1/timeseries/3/
441,2020-02-29,176977418.0,5.922,/api/v1/timeseries/3/
442,2020-03-01,180078324.0,5.950,/api/v1/timeseries/3/
443,2020-03-02,190134939.0,5.925,/api/v1/timeseries/3/
444,2020-03-03,193523646.0,5.919,/api/v1/timeseries/3/
445,2020-03-04,189483092.0,5.902,/api/v1/timeseries/3/
446,2020-03-05,188643819.0,5.886,/api/v1/timeseries/3/
447,2020-03-06,179317131.0,5.908,/api/v1/timeseries/3/
448,2020-03-07,167144685.0,5.909,/api/v1/timeseries/3/
449,2020-03-08,176023183.0,5.955,/api/v1/timeseries/3/
450,2020-03-09,187225781.0,5.864,/api/v1/timeseries/3/
451,2020-03-10,195541483.0,5.858,/api/v1/timeseries/3/
452,2020-03-11,206623707.0,5.787,/api/v1/timeseries/3/
453,2020-03-12,236682921.0,5.713,/api/v1/timeseries/3/
454,2020-03-13,230527159.0,5.723,/api/v1/timeseries/3/
455,2020-03-14,205257351.0,5.774,/api/v1/timeseries/3/
456,2020-03-15,221791354.0,5.783,/api/v1/timeseries/3/
457,2020-03-16,231187179.0,5.748,/api/v1/timeseries/3/
458,2020-03-17,242899007.0,5.749,/api/v1/timeseries/3/
479,2020-03-18,238209201.0,5.733,/api/v1/timeseries/3/
0,2020-03-19,239061347.0,5.748,/api/v1/timeseries/3/
1,2020-03-20,236448165.0,5.774,/api/v1/timeseries/3/
2,2020-03-21,222139047.0,5.800,/api/v1/timeseries/3/
3,2020-03-22,241124121.0,5.781,/api/v1/timeseries/3/
4,2020-03-23,255778759.0,5.754,/api/v1/timeseries/3/
5,2020-03-24,249305957.0,5.773,/api/v1/timeseries/3/
6,2020-03-25,233269121.0,5.807,/api/v1/timeseries/3/
7,2020-03-26,235680841.0,5.831,/api/v1/timeseries/3/
8,2020-03-27,229167958.0,5.827,/api/v1/timeseries/3/
9,2020-03-28,214855724.0,5.816,/api/v1/timeseries/3/
10,2020-03-29,216885716.0,5.805,/api/v1/timeseries/3/
11,2020-03-30,223197680.0,5.822,/api/v1/timeseries/3/
12,2020-03-31,232949328.0,5.819,/api/v1/timeseries/3/
13,2020-04-01,252388534.0,5.803,/api/v1/timeseries/3/
480,2020-04-02,247301401.0,5.822,/api/v1/timeseries/3/
14,2020-04-03,241052238.0,5.836,/api/v1/timeseries/3/
15,2020-04-04,231932753.0,5.850,/api/v1/timeseries/3/
16,2020-04-05,233182481.0,5.837,/api/v1/timeseries/3/
17,2020-04-06,241523653.0,5.838,/api/v1/timeseries/3/
18,2020-04-07,245508930.0,5.872,/api/v1/timeseries/3/
19,2020-04-08,246843782.0,5.861,/api/v1/timeseries/3/
20,2020-04-09,233110395.0,5.862,/api/v1/timeseries/3/
21,2020-04-10,229581561.0,5.879,/api/v1/timeseries/3/
22,2020-04-11,220331868.0,5.885,/api/v1/timeseries/3/
23,2020-04-12,221377538.0,5.902,/api/v1/timeseries/3/
24,2020-04-13,236760191.0,5.865,/api/v1/timeseries/3/
25,2020-04-14,234538253.0,5.873,/api/v1/timeseries/3/
26,2020-04-15,229092476.0,5.877,/api/v1/timeseries/3/
27,2020-04-16,232829207.0,5.893,/api/v1/timeseries/3/
28,2020-04-17,234622622.0,5.879,/api/v1/timeseries/3/
29,2020-04-18,228931691.0,5.882,/api/v1/timeseries/3/
30,2020-04-19,235377447.0,5.879,/api/v1/timeseries/3/
31,2020-04-20,233921218.0,5.877,/api/v1/timeseries/3/
32,2020-04-21,234851738.0,5.891,/api/v1/timeseries/3/
33,2020-04-22,240302785.0,5.894,/api/v1/timeseries/3/
34,2020-04-23,239952632.0,5.908,/api/v1/timeseries/3/
35,2020-04-24,233797261.0,5.914,/api/v1/timeseries/3/
36,2020-04-25,218168648.0,5.901,/api/v1/timeseries/3/
481,2020-04-26,223142167.0,5.912,/api/v1/timeseries/3/
482,2020-04-27,238078532.0,5.904,/api/v1/timeseries/3/
483,2020-04-28,221530864.0,5.897,/api/v1/timeseries/3/
484,2020-04-29,226011510.0,5.910,/api/v1/timeseries/3/
485,2020-04-30,248067700.0,5.923,/api/v1/timeseries/3/
486,2020-05-01,243022934.0,5.938,/api/v1/timeseries/3/
487,2020-05-02,215075340.0,5.907,/api/v1/timeseries/3/
488,2020-05-03,223804884.0,5.894,/api/v1/timeseries/3/
489,2020-05-04,224191651.0,5.903,/api/v1/timeseries/3/
490,2020-05-05,241485189.0,5.899,/api/v1/timeseries/3/
491,2020-05-06,236161009.0,5.907,/api/v1/timeseries/3/
514,2020-05-07,242163393.0,5.871,/api/v1/timeseries/3/
492,2020-05-08,233610108.0,5.896,/api/v1/timeseries/3/
493,2020-05-09,222038972.0,5.927,/api/v1/timeseries/3/
499,2020-05-10,234645051.0,5.958,/api/v1/timeseries/3/
494,2020-05-11,245715908.0,5.911,/api/v1/timeseries/3/
495,2020-05-12,244920353.0,5.901,/api/v1/timeseries/3/
496,2020-05-13,238901448.0,5.896,/api/v1/timeseries/3/
497,2020-05-14,243057865.0,5.910,/api/v1/timeseries/3/
500,2020-05-15,233364644.0,5.932,/api/v1/timeseries/3/
501,2020-05-16,220054782.0,5.925,/api/v1/timeseries/3/
502,2020-05-17,220360047.0,5.917,/api/v1/timeseries/3/
498,2020-05-18,236139099.0,5.916,/api/v1/timeseries/3/
503,2020-05-19,244726941.0,5.972,/api/v1/timeseries/3/
504,2020-05-20,248172795.0,5.972,/api/v1/timeseries/3/
505,2020-05-21,229750566.0,5.937,/api/v1/timeseries/3/
506,2020-05-22,245987261.0,5.942,/api/v1/timeseries/3/
507,2020-05-23,220712555.0,5.928,/api/v1/timeseries/3/
508,2020-05-24,226763677.0,5.911,/api/v1/timeseries/3/
509,2020-05-25,231415366.0,5.931,/api/v1/timeseries/3/
510,2020-05-26,249581473.0,5.870,/api/v1/timeseries/3/
511,2020-05-27,275286061.0,5.822,/api/v1/timeseries/3/
512,2020-05-28,317382327.0,5.757,/api/v1/timeseries/3/
513,2020-05-29,344542921.0,5.659,/api/v1/timeseries/3/
515,2020-05-30,348348972.0,5.672,/api/v1/timeseries/3/
745,2020-05-31,413688794.0,5.628,/api/v1/timeseries/3/
516,2020-06-01,427500915.0,5.659,/api/v1/timeseries/3/
517,2020-06-02,431318083.0,5.675,/api/v1/timeseries/3/
518,2020-06-03,398450657.0,5.693,/api/v1/timeseries/3/
519,2020-06-04,371639621.0,5.717,/api/v1/timeseries/3/
520,2020-06-05,340483832.0,5.745,/api/v1/timeseries/3/
521,2020-06-06,306452311.0,5.779,/api/v1/timeseries/3/
522,2020-06-07,312548163.0,5.797,/api/v1/timeseries/3/
523,2020-06-08,273713974.0,5.790,/api/v1/timeseries/3/
524,2020-06-09,261597824.0,5.814,/api/v1/timeseries/3/
525,2020-06-10,254395714.0,5.835,/api/v1/timeseries/3/
526,2020-06-11,259290713.0,5.827,/api/v1/timeseries/3/
527,2020-06-12,254202474.0,5.855,/api/v1/timeseries/3/
528,2020-06-13,241339546.0,5.857,/api/v1/timeseries/3/
529,2020-06-14,253938217.0,5.823,/api/v1/timeseries/3/
530,2020-06-15,258490034.0,5.819,/api/v1/timeseries/3/
531,2020-06-16,257642804.0,5.848,/api/v1/timeseries/3/
532,2020-06-17,259764126.0,5.852,/api/v1/timeseries/3/
533,2020-06-18,260319663.0,5.844,/api/v1/timeseries/3/
534,2020-06-19,247489322.0,5.875,/api/v1/timeseries/3/
535,2020-06-20,241339083.0,5.836,/api/v1/timeseries/3/
536,2020-06-21,244982237.0,5.936,/api/v1/timeseries/3/
537,2020-06-22,252472397.0,5.893,/api/v1/timeseries/3/
538,2020-06-23,253444758.0,5.826,/api/v1/timeseries/3/
539,2020-06-24,246529356.0,5.850,/api/v1/timeseries/3/
540,2020-06-25,246600234.0,5.872,/api/v1/timeseries/3/
541,2020-06-26,245250879.0,5.893,/api/v1/timeseries/3/
542,2020-06-27,232739467.0,5.888,/api/v1/timeseries/3/
543,2020-06-28,235668894.0,5.876,/api/v1/timeseries/3/
544,2020-06-29,245573521.0,5.859,/api/v1/timeseries/3/
545,2020-06-30,244591559.0,5.886,/api/v1/timeseries/3/
546,2020-07-01,248989931.0,5.895,/api/v1/timeseries/3/
547,2020-07-02,240452805.0,5.870,/api/v1/timeseries/3/
548,2020-07-03,231802153.0,5.880,/api/v1/timeseries/3/
549,2020-07-04,219147967.0,5.930,/api/v1/timeseries/3/
550,2020-07-05,224685728.0,5.896,/api/v1/timeseries/3/
551,2020-07-06,244362088.0,5.869,/api/v1/timeseries/3/
552,2020-07-07,239916299.0,5.896,/api/v1/timeseries/3/
553,2020-07-08,242443609.0,5.901,/api/v1/timeseries/3/
554,2020-07-09,239723824.0,5.900,/api/v1/timeseries/3/
555,2020-07-10,233770546.0,5.927,/api/v1/timeseries/3/
556,2020-07-11,212558640.0,5.918,/api/v1/timeseries/3/
557,2020-07-12,213349897.0,5.911,/api/v1/timeseries/3/
558,2020-07-13,240231423.0,5.935,/api/v1/timeseries/3/
559,2020-07-14,235890500.0,5.908,/api/v1/timeseries/3/
560,2020-07-15,236442623.0,5.885,/api/v1/timeseries/3/
561,2020-07-16,231758366.0,5.892,/api/v1/timeseries/3/
562,2020-07-17,228618798.0,5.899,/api/v1/timeseries/3/
563,2020-07-18,216713669.0,5.919,/api/v1/timeseries/3/
564,2020-07-19,219409346.0,5.914,/api/v1/timeseries/3/
565,2020-07-20,229176646.0,5.902,/api/v1/timeseries/3/
566,2020-07-21,227705242.0,5.913,/api/v1/timeseries/3/
567,2020-07-22,242784270.0,5.925,/api/v1/timeseries/3/
568,2020-07-23,263433380.0,5.974,/api/v1/timeseries/3/
569,2020-07-24,221320710.0,5.948,/api/v1/timeseries/3/
570,2020-07-25,220435557.0,5.958,/api/v1/timeseries/3/
571,2020-07-26,230762279.0,5.950,/api/v1/timeseries/3/
572,2020-07-27,229780429.0,5.913,/api/v1/timeseries/3/
573,2020-07-28,235454583.0,5.896,/api/v1/timeseries/3/
574,2020-07-29,237000576.0,5.919,/api/v1/timeseries/3/
575,2020-07-30,242950496.0,5.912,/api/v1/timeseries/3/
576,2020-07-31,220900128.0,5.933,/api/v1/timeseries/3/
577,2020-08-01,203972820.0,5.953,/api/v1/timeseries/3/
578,2020-08-02,202748320.0,5.930,/api/v1/timeseries/3/
579,2020-08-03,211405730.0,5.918,/api/v1/timeseries/3/
580,2020-08-04,229969973.0,5.898,/api/v1/timeseries/3/
581,2020-08-05,224837552.0,5.912,/api/v1/timeseries/3/
582,2020-08-06,222429490.0,5.914,/api/v1/timeseries/3/
583,2020-08-07,220581224.0,5.945,/api/v1/timeseries/3/
584,2020-08-08,226222658.0,6.011,/api/v1/timeseries/3/
585,2020-08-09,241137686.0,6.005,/api/v1/timeseries/3/
586,2020-08-10,224709624.0,5.912,/api/v1/timeseries/3/
587,2020-08-11,232036230.0,5.926,/api/v1/timeseries/3/
588,2020-08-12,227522462.0,5.931,/api/v1/timeseries/3/
589,2020-08-13,238878135.0,5.940,/api/v1/timeseries/3/
590,2020-08-14,234974630.0,5.926,/api/v1/timeseries/3/
591,2020-08-15,243282980.0,5.988,/api/v1/timeseries/3/
592,2020-08-16,248121411.0,5.963,/api/v1/timeseries/3/
593,2020-08-17,225406259.0,5.922,/api/v1/timeseries/3/
594,2020-08-18,234422233.0,5.935,/api/v1/timeseries/3/
595,2020-08-19,234736960.0,5.934,/api/v1/timeseries/3/
596,2020-08-20,238172486.0,5.913,/api/v1/timeseries/3/
597,2020-08-21,260611858.0,5.942,/api/v1/timeseries/3/
598,2020-08-22,234997690.0,5.941,/api/v1/timeseries/3/
599,2020-08-23,239514554.0,5.927,/api/v1/timeseries/3/
600,2020-08-24,252378108.0,5.896,/api/v1/timeseries/3/
601,2020-08-25,254791237.0,5.898,/api/v1/timeseries/3/
602,2020-08-26,266823047.0,5.830,/api/v1/timeseries/3/
605,2020-08-27,266779472.0,5.822,/api/v1/timeseries/3/
603,2020-08-28,269897015.0,5.895,/api/v1/timeseries/3/
604,2020-08-29,241639094.0,5.913,/api/v1/timeseries/3/
606,2020-08-30,245331043.0,5.895,/api/v1/timeseries/3/
607,2020-08-31,260570873.0,5.932,/api/v1/timeseries/3/
608,2020-09-01,274381698.0,5.979,/api/v1/timeseries/3/
609,2020-09-02,244838883.0,5.946,/api/v1/timeseries/3/
610,2020-09-03,237881746.0,5.911,/api/v1/timeseries/3/
611,2020-09-04,228755111.0,5.914,/api/v1/timeseries/3/
612,2020-09-05,215644638.0,5.912,/api/v1/timeseries/3/
613,2020-09-06,222951336.0,5.951,/api/v1/timeseries/3/
614,2020-09-07,220035278.0,5.943,/api/v1/timeseries/3/
615,2020-09-08,235576872.0,5.920,/api/v1/timeseries/3/
616,2020-09-09,244644248.0,5.871,/api/v1/timeseries/3/
617,2020-09-10,243104637.0,5.877,/api/v1/timeseries/3/
618,2020-09-11,231612840.0,5.946,/api/v1/timeseries/3/
619,2020-09-12,207771160.0,5.947,/api/v1/timeseries/3/
620,2020-09-13,211312990.0,5.911,/api/v1/timeseries/3/
621,2020-09-14,226820157.0,5.926,/api/v1/timeseries/3/
622,2020-09-15,227779529.0,5.944,/api/v1/timeseries/3/
623,2020-09-16,225754328.0,5.947,/api/v1/timeseries/3/
624,2020-09-17,229731559.0,5.947,/api/v1/timeseries/3/
625,2020-09-18,224243186.0,5.943,/api/v1/timeseries/3/
626,2020-09-19,203483798.0,5.926,/api/v1/timeseries/3/
627,2020-09-20,205987998.0,5.947,/api/v1/timeseries/3/
628,2020-09-21,217416596.0,5.955,/api/v1/timeseries/3/
629,2020-09-22,223091066.0,5.955,/api/v1/timeseries/3/
630,2020-09-23,243911234.0,5.909,/api/v1/timeseries/3/
631,2020-09-24,232551298.0,5.901,/api/v1/timeseries/3/
632,2020-09-25,219583127.0,5.940,/api/v1/timeseries/3/
633,2020-09-26,197281011.0,5.953,/api/v1/timeseries/3/
634,2020-09-27,217846357.0,5.946,/api/v1/timeseries/3/
635,2020-09-28,233510175.0,5.914,/api/v1/timeseries/3/
636,2020-09-29,255245448.0,5.883,/api/v1/timeseries/3/
637,2020-09-30,240662696.0,5.900,/api/v1/timeseries/3/
638,2020-10-01,232971094.0,5.954,/api/v1/timeseries/3/
639,2020-10-02,258099022.0,5.880,/api/v1/timeseries/3/
640,2020-10-03,236026076.0,5.886,/api/v1/timeseries/3/
641,2020-10-04,234305810.0,5.877,/api/v1/timeseries/3/
642,2020-10-05,248715366.0,5.860,/api/v1/timeseries/3/
643,2020-10-06,252498573.0,5.869,/api/v1/timeseries/3/
644,2020-10-07,260316654.0,5.885,/api/v1/timeseries/3/
645,2020-10-08,239547961.0,5.886,/api/v1/timeseries/3/
646,2020-10-09,259021430.0,5.875,/api/v1/timeseries/3/
647,2020-10-10,257963486.0,5.858,/api/v1/timeseries/3/
648,2020-10-11,272501982.0,5.862,/api/v1/timeseries/3/
649,2020-10-12,297748807.0,5.869,/api/v1/timeseries/3/
650,2020-10-13,275616402.0,5.890,/api/v1/timeseries/3/
651,2020-10-14,291430197.0,5.877,/api/v1/timeseries/3/
652,2020-10-15,269448473.0,5.849,/api/v1/timeseries/3/
653,2020-10-16,273636867.0,5.866,/api/v1/timeseries/3/
654,2020-10-17,258832280.0,5.867,/api/v1/timeseries/3/
655,2020-10-18,252240861.0,5.879,/api/v1/timeseries/3/
656,2020-10-19,264723926.0,5.847,/api/v1/timeseries/3/
731,2020-10-20,304267239.0,5.784,/api/v1/timeseries/3/
657,2020-10-21,288740097.0,5.791,/api/v1/timeseries/3/
658,2020-10-22,261466964.0,5.866,/api/v1/timeseries/3/
659,2020-10-23,216316036.0,5.920,/api/v1/timeseries/3/
660,2020-10-24,195319130.0,5.919,/api/v1/timeseries/3/
661,2020-10-25,191851464.0,5.918,/api/v1/timeseries/3/
662,2020-10-26,213968905.0,5.941,/api/v1/timeseries/3/
663,2020-10-27,216123045.0,5.919,/api/v1/timeseries/3/
664,2020-10-28,210646534.0,5.914,/api/v1/timeseries/3/
665,2020-10-29,217652477.0,5.939,/api/v1/timeseries/3/
666,2020-10-30,200218788.0,5.951,/api/v1/timeseries/3/
667,2020-10-31,185523720.0,5.954,/api/v1/timeseries/3/
668,2020-11-01,199561777.0,5.943,/api/v1/timeseries/3/
669,2020-11-02,214649536.0,5.937,/api/v1/timeseries/3/
670,2020-11-03,240728869.0,5.944,/api/v1/timeseries/3/
671,2020-11-04,275471967.0,5.867,/api/v1/timeseries/3/
672,2020-11-05,252760467.0,5.859,/api/v1/timeseries/3/
673,2020-11-06,248080550.0,5.888,/api/v1/timeseries/3/
732,2020-11-07,266264233.0,5.959,/api/v1/timeseries/3/
674,2020-11-08,222251360.0,5.935,/api/v1/timeseries/3/
675,2020-11-09,227919001.0,5.912,/api/v1/timeseries/3/
676,2020-11-10,223209191.0,5.923,/api/v1/timeseries/3/
677,2020-11-11,217351290.0,5.947,/api/v1/timeseries/3/
678,2020-11-12,216392279.0,5.929,/api/v1/timeseries/3/
679,2020-11-13,216425063.0,5.932,/api/v1/timeseries/3/
680,2020-11-14,198962821.0,5.944,/api/v1/timeseries/3/
681,2020-11-15,204764374.0,5.926,/api/v1/timeseries/3/
682,2020-11-16,217062518.0,5.958,/api/v1/timeseries/3/
683,2020-11-17,205079395.0,5.921,/api/v1/timeseries/3/
684,2020-11-18,207649051.0,5.921,/api/v1/timeseries/3/
685,2020-11-19,210747305.0,5.920,/api/v1/timeseries/3/
686,2020-11-20,204781688.0,5.962,/api/v1/timeseries/3/
687,2020-11-21,176696410.0,5.954,/api/v1/timeseries/3/
688,2020-11-22,185625514.0,5.963,/api/v1/timeseries/3/
689,2020-11-23,191230781.0,5.981,/api/v1/timeseries/3/
690,2020-11-24,200518749.0,6.000,/api/v1/timeseries/3/
691,2020-11-25,190818413.0,5.978,/api/v1/timeseries/3/
733,2020-11-26,168735338.0,6.059,/api/v1/timeseries/3/
692,2020-11-27,166596660.0,6.012,/api/v1/timeseries/3/
693,2020-11-28,166903417.0,6.010,/api/v1/timeseries/3/
694,2020-11-29,171230272.0,5.970,/api/v1/timeseries/3/
695,2020-11-30,197281009.0,6.003,/api/v1/timeseries/3/
696,2020-12-01,185755701.0,5.980,/api/v1/timeseries/3/
697,2020-12-02,182427069.0,5.982,/api/v1/timeseries/3/
698,2020-12-03,187903253.0,6.003,/api/v1/timeseries/3/
699,2020-12-04,181820924.0,5.999,/api/v1/timeseries/3/
700,2020-12-05,169863742.0,6.024,/api/v1/timeseries/3/
701,2020-12-06,192572531.0,6.071,/api/v1/timeseries/3/
702,2020-12-07,178276110.0,5.958,/api/v1/timeseries/3/
703,2020-12-08,185699395.0,5.957,/api/v1/timeseries/3/
704,2020-12-09,182339875.0,5.953,/api/v1/timeseries/3/
705,2020-12-10,194770145.0,5.937,/api/v1/timeseries/3/
706,2020-12-11,181206755.0,5.933,/api/v1/timeseries/3/
707,2020-12-12,168895016.0,5.982,/api/v1/timeseries/3/
708,2020-12-13,168400030.0,5.950,/api/v1/timeseries/3/
709,2020-12-14,181679595.0,5.943,/api/v1/timeseries/3/
710,2020-12-15,173346120.0,5.956,/api/v1/timeseries/3/
711,2020-12-16,176473879.0,5.945,/api/v1/timeseries/3/
712,2020-12-17,180103323.0,5.955,/api/v1/timeseries/3/
713,2020-12-18,180819261.0,5.971,/api/v1/timeseries/3/
714,2020-12-19,168587045.0,5.961,/api/v1/timeseries/3/
715,2020-12-20,175688588.0,5.952,/api/v1/timeseries/3/
716,2020-12-21,186279822.0,5.948,/api/v1/timeseries/3/
717,2020-12-22,184344194.0,5.955,/api/v1/timeseries/3/
718,2020-12-23,177186757.0,5.987,/api/v1/timeseries/3/
719,2020-12-24,163668587.0,6.140,/api/v1/timeseries/3/
724,2020-12-25,146266113.0,6.224,/api/v1/timeseries/3/
720,2020-12-26,162456583.0,6.019,/api/v1/timeseries/3/
721,2020-12-27,172248751.0,5.967,/api/v1/timeseries/3/
722,2020-12-28,179229530.0,5.941,/api/v1/timeseries/3/
723,2020-12-29,188607879.0,5.957,/api/v1/timeseries/3/
725,2020-12-30,196274914.0,5.948,/api/v1/timeseries/3/
726,2020-12-31,196930020.0,6.076,/api/v1/timeseries/3/
748,2021-01-01,174627039.0,6.072,/api/v1/timeseries/3/
727,2021-01-02,183495921.0,5.956,/api/v1/timeseries/3/
728,2021-01-03,204492684.0,5.902,/api/v1/timeseries/3/
729,2021-01-04,213357747.0,5.906,/api/v1/timeseries/3/
730,2021-01-05,216796896.0,5.917,/api/v1/timeseries/3/
734,2021-01-07,280538376.0,5.757,/api/v1/timeseries/3/
735,2021-01-08,249654282.0,5.813,/api/v1/timeseries/3/
736,2021-01-09,220149817.0,5.854,/api/v1/timeseries/3/
737,2021-01-10,228589829.0,5.900,/api/v1/timeseries/3/
738,2021-01-11,225331684.0,5.907,/api/v1/timeseries/3/
739,2021-01-12,220562168.0,5.900,/api/v1/timeseries/3/
740,2021-01-13,221321185.0,5.896,/api/v1/timeseries/3/
741,2021-01-14,204488374.0,5.924,/api/v1/timeseries/3/
742,2021-01-15,200739433.0,5.951,/api/v1/timeseries/3/
743,2021-01-16,188494321.0,5.952,/api/v1/timeseries/3/
744,2021-01-17,184921841.0,5.953,/api/v1/timeseries/3/
746,2021-01-18,192205230.0,5.947,/api/v1/timeseries/3/
747,2021-01-19,205847996.0,5.958,/api/v1/timeseries/3/
750,2021-01-21,199381362.0,5.966,/api/v1/timeseries/3/
751,2021-01-22,189079648.0,5.956,/api/v1/timeseries/3/
749,2021-01-23,172727453.0,5.964,/api/v1/timeseries/3/
752,2021-01-24,186839171.0,5.967,/api/v1/timeseries/3/
753,2021-01-25,185976438.0,5.973,/api/v1/timeseries/3/
754,2021-01-26,196826352.0,5.942,/api/v1/timeseries/3/
755,2021-01-27,195662404.0,5.930,/api/v1/timeseries/3/
756,2021-01-28,206668202.0,5.944,/api/v1/timeseries/3/
757,2021-01-29,180415603.0,5.972,/api/v1/timeseries/3/
758,2021-01-30,166255538.0,5.995,/api/v1/timeseries/3/
759,2021-01-31,181423326.0,6.032,/api/v1/timeseries/3/
760,2021-02-01,183569514.0,6.016,/api/v1/timeseries/3/
761,2021-02-02,189292534.0,5.973,/api/v1/timeseries/3/
762,2021-02-03,200316430.0,5.968,/api/v1/timeseries/3/
763,2021-02-04,195730014.0,5.972,/api/v1/timeseries/3/
764,2021-02-05,189139331.0,6.009,/api/v1/timeseries/3/
765,2021-02-06,170432024.0,5.999,/api/v1/timeseries/3/
766,2021-02-07,194752303.0,6.054,/api/v1/timeseries/3/
767,2021-02-08,181225594.0,6.033,/api/v1/timeseries/3/
768,2021-02-09,191657362.0,5.967,/api/v1/timeseries/3/
769,2021-02-10,191771611.0,5.968,/api/v1/timeseries/3/
770,2021-02-11,193534342.0,5.964,/api/v1/timeseries/3/
771,2021-02-12,194807523.0,5.958,/api/v1/timeseries/3/
772,2021-02-13,195667785.0,5.932,/api/v1/timeseries/3/
773,2021-02-14,174636764.0,6.029,/api/v1/timeseries/3/
774,2021-02-15,183265773.0,5.970,/api/v1/timeseries/3/
775,2021-02-16,188767385.0,5.961,/api/v1/timeseries/3/
776,2021-02-17,204901689.0,5.960,/api/v1/timeseries/3/
777,2021-02-18,193004162.0,5.984,/api/v1/timeseries/3/
778,2021-02-19,177071272.0,5.987,/api/v1/timeseries/3/
779,2021-02-20,174042838.0,5.925,/api/v1/timeseries/3/
780,2021-02-21,168791668.0,5.980,/api/v1/timeseries/3/
781,2021-02-22,178736663.0,5.971,/api/v1/timeseries/3/
782,2021-02-23,191317912.0,5.973,/api/v1/timeseries/3/
783,2021-02-24,189046107.0,5.986,/api/v1/timeseries/3/
784,2021-02-25,209156310.0,5.957,/api/v1/timeseries/3/
785,2021-02-26,186840157.0,5.963,/api/v1/timeseries/3/
786,2021-02-27,169969870.0,5.945,/api/v1/timeseries/3/
787,2021-02-28,175833654.0,5.947,/api/v1/timeseries/3/
788,2021-03-01,179935120.0,5.988,/api/v1/timeseries/3/
789,2021-03-02,187400734.0,5.951,/api/v1/timeseries/3/
808,2021-03-03,188725279.0,5.901,/api/v1/timeseries/3/
790,2021-03-04,185539488.0,5.981,/api/v1/timeseries/3/
791,2021-03-05,172255698.0,5.995,/api/v1/timeseries/3/
792,2021-03-06,159221633.0,5.989,/api/v1/timeseries/3/
793,2021-03-07,175422303.0,5.973,/api/v1/timeseries/3/
809,2021-03-08,189511305.0,6.031,/api/v1/timeseries/3/
794,2021-03-09,183121757.0,5.976,/api/v1/timeseries/3/
795,2021-03-10,186567102.0,5.968,/api/v1/timeseries/3/
796,2021-03-11,189840341.0,5.952,/api/v1/timeseries/3/
797,2021-03-12,180060689.0,5.989,/api/v1/timeseries/3/
798,2021-03-13,170759946.0,5.973,/api/v1/timeseries/3/
799,2021-03-14,206798092.0,5.968,/api/v1/timeseries/3/
800,2021-03-15,190141234.0,5.982,/api/v1/timeseries/3/
801,2021-03-16,182330298.0,5.967,/api/v1/timeseries/3/
807,2021-03-17,196812062.0,5.898,/api/v1/timeseries/3/
802,2021-03-18,183880180.0,5.946,/api/v1/timeseries/3/
803,2021-03-19,178453599.0,5.970,/api/v1/timeseries/3/
804,2021-03-20,155935599.0,5.977,/api/v1/timeseries/3/
805,2021-03-21,160803182.0,5.973,/api/v1/timeseries/3/
806,2021-03-22,176879543.0,5.980,/api/v1/timeseries/3/
858,2021-03-23,180323624.0,5.913,/api/v1/timeseries/3/
810,2021-03-24,183333388.0,5.968,/api/v1/timeseries/3/
811,2021-03-25,181231772.0,5.972,/api/v1/timeseries/3/
812,2021-03-26,181328526.0,6.006,/api/v1/timeseries/3/
813,2021-03-27,164706917.0,5.950,/api/v1/timeseries/3/
814,2021-03-28,162656094.0,5.963,/api/v1/timeseries/3/
815,2021-03-29,177105267.0,5.979,/api/v1/timeseries/3/
816,2021-03-30,179002130.0,5.964,/api/v1/timeseries/3/
817,2021-03-31,180454604.0,5.991,/api/v1/timeseries/3/
818,2021-04-01,175389381.0,5.990,/api/v1/timeseries/3/
819,2021-04-02,168902837.0,5.996,/api/v1/timeseries/3/
820,2021-04-03,157100457.0,5.996,/api/v1/timeseries/3/
856,2021-04-04,154986415.0,6.046,/api/v1/timeseries/3/
821,2021-04-05,169732635.0,5.995,/api/v1/timeseries/3/
822,2021-04-06,175454267.0,5.972,/api/v1/timeseries/3/
823,2021-04-07,180745558.0,5.986,/api/v1/timeseries/3/
824,2021-04-08,185184639.0,5.994,/api/v1/timeseries/3/
825,2021-04-09,182852756.0,5.966,/api/v1/timeseries/3/
826,2021-04-10,161234711.0,5.980,/api/v1/timeseries/3/
827,2021-04-11,165908785.0,6.005,/api/v1/timeseries/3/
828,2021-04-12,182923114.0,5.949,/api/v1/timeseries/3/
829,2021-04-13,181637949.0,5.956,/api/v1/timeseries/3/
830,2021-04-14,180795346.0,5.959,/api/v1/timeseries/3/
831,2021-04-15,182301681.0,5.938,/api/v1/timeseries/3/
832,2021-04-16,175695231.0,5.940,/api/v1/timeseries/3/
833,2021-04-17,147202033.0,5.950,/api/v1/timeseries/3/
834,2021-04-18,167957001.0,5.932,/api/v1/timeseries/3/
835,2021-04-19,185872468.0,5.966,/api/v1/timeseries/3/
854,2021-04-20,195810555.0,5.913,/api/v1/timeseries/3/
836,2021-04-21,181437339.0,5.934,/api/v1/timeseries/3/
837,2021-04-22,182971773.0,5.974,/api/v1/timeseries/3/
838,2021-04-23,172853432.0,5.987,/api/v1/timeseries/3/
839,2021-04-24,158340879.0,5.980,/api/v1/timeseries/3/
840,2021-04-25,163142373.0,5.964,/api/v1/timeseries/3/
841,2021-04-26,178200455.0,5.966,/api/v1/timeseries/3/
842,2021-04-27,178416482.0,5.956,/api/v1/timeseries/3/
843,2021-04-28,177486744.0,5.952,/api/v1/timeseries/3/
844,2021-04-29,187079964.0,5.975,/api/v1/timeseries/3/
845,2021-04-30,176335445.0,5.992,/api/v1/timeseries/3/
846,2021-05-01,165075153.0,6.002,/api/v1/timeseries/3/
847,2021-05-02,168645322.0,5.956,/api/v1/timeseries/3/
848,2021-05-03,177589408.0,5.959,/api/v1/timeseries/3/
849,2021-05-04,184212937.0,5.957,/api/v1/timeseries/3/
850,2021-05-05,182330272.0,5.972,/api/v1/timeseries/3/
851,2021-05-06,179330800.0,5.978,/api/v1/timeseries/3/
852,2021-05-07,173145660.0,5.990,/api/v1/timeseries/3/
853,2021-05-08,160578980.0,6.000,/api/v1/timeseries/3/
855,2021-05-09,159065088.0,6.037,/api/v1/timeseries/3/
857,2021-05-10,197633959.0,5.976,/api/v1/timeseries/3/
859,2021-05-11,207353050.0,5.940,/api/v1/timeseries/3/
860,2021-05-12,201017658.0,5.929,/api/v1/timeseries/3/
861,2021-05-13,199823769.0,5.964,/api/v1/timeseries/3/
862,2021-05-14,189818625.0,5.968,/api/v1/timeseries/3/
863,2021-05-15,178986895.0,5.928,/api/v1/timeseries/3/
864,2021-05-16,184491244.0,5.956,/api/v1/timeseries/3/
865,2021-05-17,190340769.0,5.953,/api/v1/timeseries/3/
866,2021-05-18,195301785.0,5.958,/api/v1/timeseries/3/
867,2021-05-19,206305345.0,5.973,/api/v1/timeseries/3/
868,2021-05-20,197336042.0,6.005,/api/v1/timeseries/3/
869,2021-05-21,207203857.0,6.035,/api/v1/timeseries/3/
870,2021-05-22,169198155.0,6.003,/api/v1/timeseries/3/
871,2021-05-23,182907102.0,6.028,/api/v1/timeseries/3/
872,2021-05-24,179126196.0,5.997,/api/v1/timeseries/3/
873,2021-05-25,183930256.0,5.990,/api/v1/timeseries/3/
874,2021-05-26,186607976.0,5.992,/api/v1/timeseries/3/
875,2021-05-27,182362595.0,6.001,/api/v1/timeseries/3/
876,2021-05-28,176073379.0,5.992,/api/v1/timeseries/3/
877,2021-05-29,157961278.0,6.012,/api/v1/timeseries/3/
878,2021-05-30,160846804.0,6.009,/api/v1/timeseries/3/
879,2021-05-31,168972300.0,6.014,/api/v1/timeseries/3/
880,2021-06-01,186843661.0,6.042,/api/v1/timeseries/3/
881,2021-06-02,184291735.0,6.020,/api/v1/timeseries/3/
882,2021-06-03,182385743.0,6.013,/api/v1/timeseries/3/
883,2021-06-04,171480842.0,6.007,/api/v1/timeseries/3/
884,2021-06-05,157653918.0,5.997,/api/v1/timeseries/3/
885,2021-06-06,165463626.0,5.982,/api/v1/timeseries/3/
886,2021-06-07,176885299.0,5.992,/api/v1/timeseries/3/
887,2021-06-08,173550304.0,6.006,/api/v1/timeseries/3/
888,2021-06-09,176397502.0,6.021,/api/v1/timeseries/3/
889,2021-06-10,173249525.0,6.023,/api/v1/timeseries/3/
890,2021-06-11,166546523.0,6.029,/api/v1/timeseries/3/
891,2021-06-12,164206511.0,5.997,/api/v1/timeseries/3/
892,2021-06-13,161583201.0,6.015,/api/v1/timeseries/3/
893,2021-06-14,174237435.0,6.010,/api/v1/timeseries/3/
894,2021-06-15,169572295.0,5.997,/api/v1/timeseries/3/
895,2021-06-16,166885607.0,5.998,/api/v1/timeseries/3/
896,2021-06-17,165729172.0,6.015,/api/v1/timeseries/3/
897,2021-06-18,162747322.0,6.043,/api/v1/timeseries/3/
898,2021-06-19,148791098.0,6.057,/api/v1/timeseries/3/
899,2021-06-20,144861610.0,6.082,/api/v1/timeseries/3/
900,2021-06-21,161879745.0,6.049,/api/v1/timeseries/3/
901,2021-06-22,165336742.0,6.013,/api/v1/timeseries/3/
902,2021-06-23,161224270.0,6.009,/api/v1/timeseries/3/
903,2021-06-24,160917151.0,6.013,/api/v1/timeseries/3/
904,2021-06-25,162089810.0,5.997,/api/v1/timeseries/3/
905,2021-06-26,146153649.0,6.009,/api/v1/timeseries/3/
906,2021-06-27,149407617.0,6.015,/api/v1/timeseries/3/
907,2021-06-28,167833829.0,6.017,/api/v1/timeseries/3/
908,2021-06-29,166747369.0,6.002,/api/v1/timeseries/3/
909,2021-06-30,169502639.0,6.004,/api/v1/timeseries/3/
910,2021-07-01,167318877.0,6.020,/api/v1/timeseries/3/
911,2021-07-02,162310957.0,6.013,/api/v1/timeseries/3/
912,2021-07-03,146632142.0,6.013,/api/v1/timeseries/3/
913,2021-07-04,144311393.0,6.047,/api/v1/timeseries/3/
914,2021-07-05,162525213.0,6.030,/api/v1/timeseries/3/
915,2021-07-06,171395350.0,6.022,/api/v1/timeseries/3/
916,2021-07-07,172620998.0,6.015,/api/v1/timeseries/3/
917,2021-07-08,167417463.0,6.029,/api/v1/timeseries/3/
918,2021-07-09,168494177.0,6.056,/api/v1/timeseries/3/
919,2021-07-10,148640933.0,6.032,/api/v1/timeseries/3/
920,2021-07-11,166692273.0,5.989,/api/v1/timeseries/3/
929,2021-07-12,172256266.0,5.973,/api/v1/timeseries/3/
921,2021-07-13,171750619.0,5.988,/api/v1/timeseries/3/
922,2021-07-14,174030839.0,6.007,/api/v1/timeseries/3/
923,2021-07-15,165986820.0,6.000,/api/v1/timeseries/3/
924,2021-07-16,158532679.0,6.004,/api/v1/timeseries/3/
925,2021-07-17,149382462.0,6.009,/api/v1/timeseries/3/
926,2021-07-18,152019777.0,6.000,/api/v1/timeseries/3/
927,2021-07-19,170242524.0,6.012,/api/v1/timeseries/3/
928,2021-07-20,166602441.0,6.005,/api/v1/timeseries/3/
930,2021-07-21,168065806.0,6.008,/api/v1/timeseries/3/
931,2021-07-22,171319537.0,6.015,/api/v1/timeseries/3/
932,2021-07-23,160163893.0,6.037,/api/v1/timeseries/3/
933,2021-07-24,146338321.0,6.025,/api/v1/timeseries/3/
934,2021-07-25,152135543.0,6.014,/api/v1/timeseries/3/
935,2021-07-26,168932600.0,6.041,/api/v1/timeseries/3/
936,2021-07-27,177336662.0,5.992,/api/v1/timeseries/3/
937,2021-07-28,176810307.0,5.996,/api/v1/timeseries/3/
938,2021-07-29,179592505.0,5.989,/api/v1/timeseries/3/
939,2021-07-30,166237931.0,5.994,/api/v1/timeseries/3/
940,2021-07-31,148509338.0,6.027,/api/v1/timeseries/3/
941,2021-08-01,154666004.0,6.044,/api/v1/timeseries/3/
942,2021-08-02,171177383.0,6.020,/api/v1/timeseries/3/
943,2021-08-03,170804692.0,6.007,/api/v1/timeseries/3/
944,2021-08-04,171499792.0,6.009,/api/v1/timeseries/3/
945,2021-08-05,165777999.0,6.011,/api/v1/timeseries/3/
946,2021-08-06,164872412.0,6.034,/api/v1/timeseries/3/
947,2021-08-07,149830680.0,6.055,/api/v1/timeseries/3/
948,2021-08-08,152172073.0,6.038,/api/v1/timeseries/3/
949,2021-08-09,168310096.0,6.024,/api/v1/timeseries/3/
950,2021-08-10,165224839.0,5.995,/api/v1/timeseries/3/
951,2021-08-11,168116033.0,5.997,/api/v1/timeseries/3/
952,2021-08-12,168565141.0,6.022,/api/v1/timeseries/3/
953,2021-08-13,162985825.0,6.003,/api/v1/timeseries/3/
954,2021-08-14,152966220.0,6.007,/api/v1/timeseries/3/
955,2021-08-15,164978891.0,5.966,/api/v1/timeseries/3/
956,2021-08-17,177795780.0,5.968,/api/v1/timeseries/3/
957,2021-08-18,179021888.0,5.977,/api/v1/timeseries/3/
958,2021-08-19,173130626.0,5.977,/api/v1/timeseries/3/
959,2021-08-20,169370566.0,6.010,/api/v1/timeseries/3/
960,2021-08-21,161355906.0,6.012,/api/v1/timeseries/3/
961,2021-08-22,161921305.0,6.021,/api/v1/timeseries/3/
962,2021-08-23,175180397.0,6.008,/api/v1/timeseries/3/
963,2021-08-24,174899873.0,6.006,/api/v1/timeseries/3/
964,2021-08-25,178814814.0,6.002,/api/v1/timeseries/3/
965,2021-08-27,182810681.0,6.000,/api/v1/timeseries/3/
966,2021-08-28,161207416.0,5.999,/api/v1/timeseries/3/
967,2021-08-29,166449609.0,5.993,/api/v1/timeseries/3/
968,2021-08-30,178317928.0,5.993,/api/v1/timeseries/3/
969,2021-08-31,183876306.0,6.014,/api/v1/timeseries/3/
970,2021-09-01,182514285.0,6.010,/api/v1/timeseries/3/
971,2021-09-02,185903271.0,5.995,/api/v1/timeseries/3/
972,2021-09-03,166757008.0,6.018,/api/v1/timeseries/3/
973,2021-09-04,152241692.0,6.036,/api/v1/timeseries/3/
974,2021-09-05,157042296.0,6.020,/api/v1/timeseries/3/
975,2021-09-06,161948239.0,6.030,/api/v1/timeseries/3/
976,2021-09-07,173109022.0,6.012,/api/v1/timeseries/3/
977,2021-09-08,173169952.0,6.019,/api/v1/timeseries/3/
995,2021-09-09,176147116.0,5.999,/api/v1/timeseries/3/
996,2021-09-10,157487848.0,6.017,/api/v1/timeseries/3/
997,2021-09-11,144497286.0,6.034,/api/v1/timeseries/3/
998,2021-09-12,151346068.0,6.049,/api/v1/timeseries/3/
999,2021-09-13,166326043.0,6.037,/api/v1/timeseries/3/
978,2021-09-16,163584864.0,6.027,/api/v1/timeseries/3/
979,2021-09-17,166725705.0,6.034,/api/v1/timeseries/3/
980,2021-09-18,152718900.0,6.044,/api/v1/timeseries/3/
981,2021-09-19,153828835.0,6.029,/api/v1/timeseries/3/
982,2021-09-20,173289183.0,6.054,/api/v1/timeseries/3/
983,2021-09-21,159510181.0,6.034,/api/v1/timeseries/3/
984,2021-09-22,161652750.0,6.028,/api/v1/timeseries/3/
985,2021-09-23,166532801.0,6.039,/api/v1/timeseries/3/
986,2021-09-24,161905872.0,6.057,/api/v1/timeseries/3/
987,2021-09-25,149624335.0,6.051,/api/v1/timeseries/3/
988,2021-09-26,153931596.0,6.041,/api/v1/timeseries/3/
989,2021-09-27,168715840.0,6.038,/api/v1/timeseries/3/
990,2021-09-28,157043340.0,6.025,/api/v1/timeseries/3/
991,2021-09-29,163007587.0,6.029,/api/v1/timeseries/3/
992,2021-09-30,164357758.0,6.051,/api/v1/timeseries/3/
993,2021-10-01,158403557.0,6.057,/api/v1/timeseries/3/
994,2021-10-02,151407737.0,6.084,/api/v1/timeseries/3/
